SCHOOL,,,,,,,,,,,,,,,,,,,,,,,,,,,,,,,,,,,,,,,,,,,,,
LGA,,,ZONE,,,,,,,,,,,CLASS,,,,,,LEVEL,,,,,,,,,,,,,,,,,,,,,,,,,
,,,,,,,,,,,,,,,,,,,,,,,,,,,,,,,,,,,,,,,,,,,,,
S/N,EXAM NO,NAME OF STUDENT,ENGLISH,,,,MATHS,,,,,BASIC SC. & TECH,,,,IGBO LANG.,,,,REL.& NAT. VALUES,,,,PRE-VOCAT,,,,HIST. & GEO,,,,COMPUTER,,,,FRENCH,,,,MORAL & REL.,,,,TOTAL,PASS/FAIL
,,,1st C.A,2nd C.A,EXAM,TOTAL,1st C.A,2nd C.A,EXAM,Average Score,TOTAL,1st C.A,2nd C.A,EXAM,TOTAL,1st C.A,2nd C.A,EXAM,TOTAL,1st C.A,2nd C.A,EXAM,TOTAL,1st C.A,2nd C.A,EXAM,TOTAL,1st C.A,2nd C.A,EXAM,TOTAL,1st C.A,2nd C.A,EXAM,TOTAL,1st C.A,2nd C.A,EXAM,TOTAL,1st C.A,2nd C.A,EXAM,TOTAL,,
,,,,,,#DIV/0!,,,,,#DIV/0!,,,,#DIV/0!,,,,#DIV/0!,,,,#DIV/0!,,,,#DIV/0!,,,,#DIV/0!,,,,#DIV/0!,,,,#DIV/0!,,,,#DIV/0!,#DIV/0!,
,,,,,,#DIV/0!,,,,,#DIV/0!,,,,#DIV/0!,,,,#DIV/0!,,,,#DIV/0!,,,,#DIV/0!,,,,#DIV/0!,,,,#DIV/0!,,,,#DIV/0!,,,,#DIV/0!,#DIV/0!,
,,,,,,#DIV/0!,,,,,#DIV/0!,,,,#DIV/0!,,,,#DIV/0!,,,,#DIV/0!,,,,#DIV/0!,,,,#DIV/0!,,,,#DIV/0!,,,,#DIV/0!,,,,#DIV/0!,#DIV/0!,
,,,,,,#DIV/0!,,,,,#DIV/0!,,,,#DIV/0!,,,,#DIV/0!,,,,#DIV/0!,,,,#DIV/0!,,,,#DIV/0!,,,,#DIV/0!,,,,#DIV/0!,,,,#DIV/0!,#DIV/0!,
,,,,,,#DIV/0!,,,,,#DIV/0!,,,,#DIV/0!,,,,#DIV/0!,,,,#DIV/0!,,,,#DIV/0!,,,,#DIV/0!,,,,#DIV/0!,,,,#DIV/0!,,,,#DIV/0!,#DIV/0!,
,,,,,,#DIV/0!,,,,,#DIV/0!,,,,#DIV/0!,,,,#DIV/0!,,,,#DIV/0!,,,,#DIV/0!,,,,#DIV/0!,,,,#DIV/0!,,,,#DIV/0!,,,,#DIV/0!,#DIV/0!,
,,,,,,#DIV/0!,,,,,#DIV/0!,,,,#DIV/0!,,,,#DIV/0!,,,,#DIV/0!,,,,#DIV/0!,,,,#DIV/0!,,,,#DIV/0!,,,,#DIV/0!,,,,#DIV/0!,#DIV/0!,
,,,,,,#DIV/0!,,,,,#DIV/0!,,,,#DIV/0!,,,,#DIV/0!,,,,#DIV/0!,,,,#DIV/0!,,,,#DIV/0!,,,,#DIV/0!,,,,#DIV/0!,,,,#DIV/0!,#DIV/0!,
,,,,,,#DIV/0!,,,,,#DIV/0!,,,,#DIV/0!,,,,#DIV/0!,,,,#DIV/0!,,,,#DIV/0!,,,,#DIV/0!,,,,#DIV/0!,,,,#DIV/0!,,,,#DIV/0!,#DIV/0!,
,,,,,,#DIV/0!,,,,,#DIV/0!,,,,#DIV/0!,,,,#DIV/0!,,,,#DIV/0!,,,,#DIV/0!,,,,#DIV/0!,,,,#DIV/0!,,,,#DIV/0!,,,,#DIV/0!,#DIV/0!,
,,,,,,#DIV/0!,,,,,#DIV/0!,,,,#DIV/0!,,,,#DIV/0!,,,,#DIV/0!,,,,#DIV/0!,,,,#DIV/0!,,,,#DIV/0!,,,,#DIV/0!,,,,#DIV/0!,#DIV/0!,
,,,,,,#DIV/0!,,,,,#DIV/0!,,,,#DIV/0!,,,,#DIV/0!,,,,#DIV/0!,,,,#DIV/0!,,,,#DIV/0!,,,,#DIV/0!,,,,#DIV/0!,,,,#DIV/0!,#DIV/0!,
,,,,,,#DIV/0!,,,,,#DIV/0!,,,,#DIV/0!,,,,#DIV/0!,,,,#DIV/0!,,,,#DIV/0!,,,,#DIV/0!,,,,#DIV/0!,,,,#DIV/0!,,,,#DIV/0!,#DIV/0!,
,,,,,,#DIV/0!,,,,,#DIV/0!,,,,#DIV/0!,,,,#DIV/0!,,,,#DIV/0!,,,,#DIV/0!,,,,#DIV/0!,,,,#DIV/0!,,,,#DIV/0!,,,,#DIV/0!,#DIV/0!,
,,,,,,#DIV/0!,,,,,#DIV/0!,,,,#DIV/0!,,,,#DIV/0!,,,,#DIV/0!,,,,#DIV/0!,,,,#DIV/0!,,,,#DIV/0!,,,,#DIV/0!,,,,#DIV/0!,#DIV/0!,
,,,,,,#DIV/0!,,,,,#DIV/0!,,,,#DIV/0!,,,,#DIV/0!,,,,#DIV/0!,,,,#DIV/0!,,,,#DIV/0!,,,,#DIV/0!,,,,#DIV/0!,,,,#DIV/0!,#DIV/0!,
,,,,,,#DIV/0!,,,,,#DIV/0!,,,,#DIV/0!,,,,#DIV/0!,,,,#DIV/0!,,,,#DIV/0!,,,,#DIV/0!,,,,#DIV/0!,,,,#DIV/0!,,,,#DIV/0!,#DIV/0!,
,,,,,,#DIV/0!,,,,,#DIV/0!,,,,#DIV/0!,,,,#DIV/0!,,,,#DIV/0!,,,,#DIV/0!,,,,#DIV/0!,,,,#DIV/0!,,,,#DIV/0!,,,,#DIV/0!,#DIV/0!,
,,,,,,#DIV/0!,,,,,#DIV/0!,,,,#DIV/0!,,,,#DIV/0!,,,,#DIV/0!,,,,#DIV/0!,,,,#DIV/0!,,,,#DIV/0!,,,,#DIV/0!,,,,#DIV/0!,#DIV/0!,
,,,,,,#DIV/0!,,,,,#DIV/0!,,,,#DIV/0!,,,,#DIV/0!,,,,#DIV/0!,,,,#DIV/0!,,,,#DIV/0!,,,,#DIV/0!,,,,#DIV/0!,,,,#DIV/0!,#DIV/0!,
,,,,,,#DIV/0!,,,,,#DIV/0!,,,,#DIV/0!,,,,#DIV/0!,,,,#DIV/0!,,,,#DIV/0!,,,,#DIV/0!,,,,#DIV/0!,,,,#DIV/0!,,,,#DIV/0!,#DIV/0!,
,,,,,,#DIV/0!,,,,,#DIV/0!,,,,#DIV/0!,,,,#DIV/0!,,,,#DIV/0!,,,,#DIV/0!,,,,#DIV/0!,,,,#DIV/0!,,,,#DIV/0!,,,,#DIV/0!,#DIV/0!,
,,,,,,#DIV/0!,,,,,#DIV/0!,,,,#DIV/0!,,,,#DIV/0!,,,,#DIV/0!,,,,#DIV/0!,,,,#DIV/0!,,,,#DIV/0!,,,,#DIV/0!,,,,#DIV/0!,#DIV/0!,
,,,,,,#DIV/0!,,,,,#DIV/0!,,,,#DIV/0!,,,,#DIV/0!,,,,#DIV/0!,,,,#DIV/0!,,,,#DIV/0!,,,,#DIV/0!,,,,#DIV/0!,,,,#DIV/0!,#DIV/0!,
,,,,,,#DIV/0!,,,,,#DIV/0!,,,,#DIV/0!,,,,#DIV/0!,,,,#DIV/0!,,,,#DIV/0!,,,,#DIV/0!,,,,#DIV/0!,,,,#DIV/0!,,,,#DIV/0!,#DIV/0!,
,,,,,,#DIV/0!,,,,,#DIV/0!,,,,#DIV/0!,,,,#DIV/0!,,,,#DIV/0!,,,,#DIV/0!,,,,#DIV/0!,,,,#DIV/0!,,,,#DIV/0!,,,,#DIV/0!,#DIV/0!,
,,,,,,#DIV/0!,,,,,#DIV/0!,,,,#DIV/0!,,,,#DIV/0!,,,,#DIV/0!,,,,#DIV/0!,,,,#DIV/0!,,,,#DIV/0!,,,,#DIV/0!,,,,#DIV/0!,#DIV/0!,
,,,,,,#DIV/0!,,,,,#DIV/0!,,,,#DIV/0!,,,,#DIV/0!,,,,#DIV/0!,,,,#DIV/0!,,,,#DIV/0!,,,,#DIV/0!,,,,#DIV/0!,,,,#DIV/0!,#DIV/0!,
,,,,,,#DIV/0!,,,,,#DIV/0!,,,,#DIV/0!,,,,#DIV/0!,,,,#DIV/0!,,,,#DIV/0!,,,,#DIV/0!,,,,#DIV/0!,,,,#DIV/0!,,,,#DIV/0!,#DIV/0!,
,,,,,,#DIV/0!,,,,,#DIV/0!,,,,#DIV/0!,,,,#DIV/0!,,,,#DIV/0!,,,,#DIV/0!,,,,#DIV/0!,,,,#DIV/0!,,,,#DIV/0!,,,,#DIV/0!,#DIV/0!,
,,,,,,#DIV/0!,,,,,#DIV/0!,,,,#DIV/0!,,,,#DIV/0!,,,,#DIV/0!,,,,#DIV/0!,,,,#DIV/0!,,,,#DIV/0!,,,,#DIV/0!,,,,#DIV/0!,#DIV/0!,
,,,,,,#DIV/0!,,,,,#DIV/0!,,,,#DIV/0!,,,,#DIV/0!,,,,#DIV/0!,,,,#DIV/0!,,,,#DIV/0!,,,,#DIV/0!,,,,#DIV/0!,,,,#DIV/0!,#DIV/0!,
,,,,,,#DIV/0!,,,,,#DIV/0!,,,,#DIV/0!,,,,#DIV/0!,,,,#DIV/0!,,,,#DIV/0!,,,,#DIV/0!,,,,#DIV/0!,,,,#DIV/0!,,,,#DIV/0!,#DIV/0!,
,,,,,,#DIV/0!,,,,,#DIV/0!,,,,#DIV/0!,,,,#DIV/0!,,,,#DIV/0!,,,,#DIV/0!,,,,#DIV/0!,,,,#DIV/0!,,,,#DIV/0!,,,,#DIV/0!,#DIV/0!,
,,,,,,#DIV/0!,,,,,#DIV/0!,,,,#DIV/0!,,,,#DIV/0!,,,,#DIV/0!,,,,#DIV/0!,,,,#DIV/0!,,,,#DIV/0!,,,,#DIV/0!,,,,#DIV/0!,#DIV/0!,
,,,,,,#DIV/0!,,,,,#DIV/0!,,,,#DIV/0!,,,,#DIV/0!,,,,#DIV/0!,,,,#DIV/0!,,,,#DIV/0!,,,,#DIV/0!,,,,#DIV/0!,,,,#DIV/0!,#DIV/0!,
,,,,,,#DIV/0!,,,,,#DIV/0!,,,,#DIV/0!,,,,#DIV/0!,,,,#DIV/0!,,,,#DIV/0!,,,,#DIV/0!,,,,#DIV/0!,,,,#DIV/0!,,,,#DIV/0!,#DIV/0!,
,,,,,,#DIV/0!,,,,,#DIV/0!,,,,#DIV/0!,,,,#DIV/0!,,,,#DIV/0!,,,,#DIV/0!,,,,#DIV/0!,,,,#DIV/0!,,,,#DIV/0!,,,,#DIV/0!,#DIV/0!,
,,,,,,#DIV/0!,,,,,#DIV/0!,,,,#DIV/0!,,,,#DIV/0!,,,,#DIV/0!,,,,#DIV/0!,,,,#DIV/0!,,,,#DIV/0!,,,,#DIV/0!,,,,#DIV/0!,#DIV/0!,
,,,,,,#DIV/0!,,,,,#DIV/0!,,,,#DIV/0!,,,,#DIV/0!,,,,#DIV/0!,,,,#DIV/0!,,,,#DIV/0!,,,,#DIV/0!,,,,#DIV/0!,,,,#DIV/0!,#DIV/0!,
,,,,,,#DIV/0!,,,,,#DIV/0!,,,,#DIV/0!,,,,#DIV/0!,,,,#DIV/0!,,,,#DIV/0!,,,,#DIV/0!,,,,#DIV/0!,,,,#DIV/0!,,,,#DIV/0!,#DIV/0!,
,,,,,,#DIV/0!,,,,,#DIV/0!,,,,#DIV/0!,,,,#DIV/0!,,,,#DIV/0!,,,,#DIV/0!,,,,#DIV/0!,,,,#DIV/0!,,,,#DIV/0!,,,,#DIV/0!,#DIV/0!,
,,,,,,#DIV/0!,,,,,#DIV/0!,,,,#DIV/0!,,,,#DIV/0!,,,,#DIV/0!,,,,#DIV/0!,,,,#DIV/0!,,,,#DIV/0!,,,,#DIV/0!,,,,#DIV/0!,#DIV/0!,
,,,,,,#DIV/0!,,,,,#DIV/0!,,,,#DIV/0!,,,,#DIV/0!,,,,#DIV/0!,,,,#DIV/0!,,,,#DIV/0!,,,,#DIV/0!,,,,#DIV/0!,,,,#DIV/0!,#DIV/0!,
,,,,,,#DIV/0!,,,,,#DIV/0!,,,,#DIV/0!,,,,#DIV/0!,,,,#DIV/0!,,,,#DIV/0!,,,,#DIV/0!,,,,#DIV/0!,,,,#DIV/0!,,,,#DIV/0!,#DIV/0!,
,,,,,,#DIV/0!,,,,,#DIV/0!,,,,#DIV/0!,,,,#DIV/0!,,,,#DIV/0!,,,,#DIV/0!,,,,#DIV/0!,,,,#DIV/0!,,,,#DIV/0!,,,,#DIV/0!,#DIV/0!,
,,,,,,#DIV/0!,,,,,#DIV/0!,,,,#DIV/0!,,,,#DIV/0!,,,,#DIV/0!,,,,#DIV/0!,,,,#DIV/0!,,,,#DIV/0!,,,,#DIV/0!,,,,#DIV/0!,#DIV/0!,
,,,,,,#DIV/0!,,,,,#DIV/0!,,,,#DIV/0!,,,,#DIV/0!,,,,#DIV/0!,,,,#DIV/0!,,,,#DIV/0!,,,,#DIV/0!,,,,#DIV/0!,,,,#DIV/0!,#DIV/0!,
,,,,,,#DIV/0!,,,,,#DIV/0!,,,,#DIV/0!,,,,#DIV/0!,,,,#DIV/0!,,,,#DIV/0!,,,,#DIV/0!,,,,#DIV/0!,,,,#DIV/0!,,,,#DIV/0!,#DIV/0!,
,,,,,,#DIV/0!,,,,,#DIV/0!,,,,#DIV/0!,,,,#DIV/0!,,,,#DIV/0!,,,,#DIV/0!,,,,#DIV/0!,,,,#DIV/0!,,,,#DIV/0!,,,,#DIV/0!,#DIV/0!,
,,,,,,#DIV/0!,,,,,#DIV/0!,,,,#DIV/0!,,,,#DIV/0!,,,,#DIV/0!,,,,#DIV/0!,,,,#DIV/0!,,,,#DIV/0!,,,,#DIV/0!,,,,#DIV/0!,#DIV/0!,
,,,,,,#DIV/0!,,,,,#DIV/0!,,,,#DIV/0!,,,,#DIV/0!,,,,#DIV/0!,,,,#DIV/0!,,,,#DIV/0!,,,,#DIV/0!,,,,#DIV/0!,,,,#DIV/0!,#DIV/0!,
,,,,,,#DIV/0!,,,,,#DIV/0!,,,,#DIV/0!,,,,#DIV/0!,,,,#DIV/0!,,,,#DIV/0!,,,,#DIV/0!,,,,#DIV/0!,,,,#DIV/0!,,,,#DIV/0!,#DIV/0!,
,,,,,,#DIV/0!,,,,,#DIV/0!,,,,#DIV/0!,,,,#DIV/0!,,,,#DIV/0!,,,,#DIV/0!,,,,#DIV/0!,,,,#DIV/0!,,,,#DIV/0!,,,,#DIV/0!,#DIV/0!,
,,,,,,#DIV/0!,,,,,#DIV/0!,,,,#DIV/0!,,,,#DIV/0!,,,,#DIV/0!,,,,#DIV/0!,,,,#DIV/0!,,,,#DIV/0!,,,,#DIV/0!,,,,#DIV/0!,#DIV/0!,
,,,,,,#DIV/0!,,,,,#DIV/0!,,,,#DIV/0!,,,,#DIV/0!,,,,#DIV/0!,,,,#DIV/0!,,,,#DIV/0!,,,,#DIV/0!,,,,#DIV/0!,,,,#DIV/0!,#DIV/0!,
,,,,,,#DIV/0!,,,,,#DIV/0!,,,,#DIV/0!,,,,#DIV/0!,,,,#DIV/0!,,,,#DIV/0!,,,,#DIV/0!,,,,#DIV/0!,,,,#DIV/0!,,,,#DIV/0!,#DIV/0!,
,,,,,,#DIV/0!,,,,,#DIV/0!,,,,#DIV/0!,,,,#DIV/0!,,,,#DIV/0!,,,,#DIV/0!,,,,#DIV/0!,,,,#DIV/0!,,,,#DIV/0!,,,,#DIV/0!,#DIV/0!,
,,,,,,#DIV/0!,,,,,#DIV/0!,,,,#DIV/0!,,,,#DIV/0!,,,,#DIV/0!,,,,#DIV/0!,,,,#DIV/0!,,,,#DIV/0!,,,,#DIV/0!,,,,#DIV/0!,#DIV/0!,
,,,,,,#DIV/0!,,,,,#DIV/0!,,,,#DIV/0!,,,,#DIV/0!,,,,#DIV/0!,,,,#DIV/0!,,,,#DIV/0!,,,,#DIV/0!,,,,#DIV/0!,,,,#DIV/0!,#DIV/0!,
,,,,,,#DIV/0!,,,,,#DIV/0!,,,,#DIV/0!,,,,#DIV/0!,,,,#DIV/0!,,,,#DIV/0!,,,,#DIV/0!,,,,#DIV/0!,,,,#DIV/0!,,,,#DIV/0!,#DIV/0!,
,,,,,,#DIV/0!,,,,,#DIV/0!,,,,#DIV/0!,,,,#DIV/0!,,,,#DIV/0!,,,,#DIV/0!,,,,#DIV/0!,,,,#DIV/0!,,,,#DIV/0!,,,,#DIV/0!,#DIV/0!,
,,,,,,#DIV/0!,,,,,#DIV/0!,,,,#DIV/0!,,,,#DIV/0!,,,,#DIV/0!,,,,#DIV/0!,,,,#DIV/0!,,,,#DIV/0!,,,,#DIV/0!,,,,#DIV/0!,#DIV/0!,
,,,,,,#DIV/0!,,,,,#DIV/0!,,,,#DIV/0!,,,,#DIV/0!,,,,#DIV/0!,,,,#DIV/0!,,,,#DIV/0!,,,,#DIV/0!,,,,#DIV/0!,,,,#DIV/0!,#DIV/0!,
,,,,,,#DIV/0!,,,,,#DIV/0!,,,,#DIV/0!,,,,#DIV/0!,,,,#DIV/0!,,,,#DIV/0!,,,,#DIV/0!,,,,#DIV/0!,,,,#DIV/0!,,,,#DIV/0!,#DIV/0!,
,,,,,,#DIV/0!,,,,,#DIV/0!,,,,#DIV/0!,,,,#DIV/0!,,,,#DIV/0!,,,,#DIV/0!,,,,#DIV/0!,,,,#DIV/0!,,,,#DIV/0!,,,,#DIV/0!,#DIV/0!,
,,,,,,#DIV/0!,,,,,#DIV/0!,,,,#DIV/0!,,,,#DIV/0!,,,,#DIV/0!,,,,#DIV/0!,,,,#DIV/0!,,,,#DIV/0!,,,,#DIV/0!,,,,#DIV/0!,#DIV/0!,
,,,,,,#DIV/0!,,,,,#DIV/0!,,,,#DIV/0!,,,,#DIV/0!,,,,#DIV/0!,,,,#DIV/0!,,,,#DIV/0!,,,,#DIV/0!,,,,#DIV/0!,,,,#DIV/0!,#DIV/0!,
,,,,,,#DIV/0!,,,,,#DIV/0!,,,,#DIV/0!,,,,#DIV/0!,,,,#DIV/0!,,,,#DIV/0!,,,,#DIV/0!,,,,#DIV/0!,,,,#DIV/0!,,,,#DIV/0!,#DIV/0!,
,,,,,,#DIV/0!,,,,,#DIV/0!,,,,#DIV/0!,,,,#DIV/0!,,,,#DIV/0!,,,,#DIV/0!,,,,#DIV/0!,,,,#DIV/0!,,,,#DIV/0!,,,,#DIV/0!,#DIV/0!,
,,,,,,#DIV/0!,,,,,#DIV/0!,,,,#DIV/0!,,,,#DIV/0!,,,,#DIV/0!,,,,#DIV/0!,,,,#DIV/0!,,,,#DIV/0!,,,,#DIV/0!,,,,#DIV/0!,#DIV/0!,
,,,,,,#DIV/0!,,,,,#DIV/0!,,,,#DIV/0!,,,,#DIV/0!,,,,#DIV/0!,,,,#DIV/0!,,,,#DIV/0!,,,,#DIV/0!,,,,#DIV/0!,,,,#DIV/0!,#DIV/0!,
,,,,,,#DIV/0!,,,,,#DIV/0!,,,,#DIV/0!,,,,#DIV/0!,,,,#DIV/0!,,,,#DIV/0!,,,,#DIV/0!,,,,#DIV/0!,,,,#DIV/0!,,,,#DIV/0!,#DIV/0!,
,,,,,,#DIV/0!,,,,,#DIV/0!,,,,#DIV/0!,,,,#DIV/0!,,,,#DIV/0!,,,,#DIV/0!,,,,#DIV/0!,,,,#DIV/0!,,,,#DIV/0!,,,,#DIV/0!,#DIV/0!,
,,,,,,#DIV/0!,,,,,#DIV/0!,,,,#DIV/0!,,,,#DIV/0!,,,,#DIV/0!,,,,#DIV/0!,,,,#DIV/0!,,,,#DIV/0!,,,,#DIV/0!,,,,#DIV/0!,#DIV/0!,
,,,,,,#DIV/0!,,,,,#DIV/0!,,,,#DIV/0!,,,,#DIV/0!,,,,#DIV/0!,,,,#DIV/0!,,,,#DIV/0!,,,,#DIV/0!,,,,#DIV/0!,,,,#DIV/0!,#DIV/0!,
,,,,,,#DIV/0!,,,,,#DIV/0!,,,,#DIV/0!,,,,#DIV/0!,,,,#DIV/0!,,,,#DIV/0!,,,,#DIV/0!,,,,#DIV/0!,,,,#DIV/0!,,,,#DIV/0!,#DIV/0!,
,,,,,,#DIV/0!,,,,,#DIV/0!,,,,#DIV/0!,,,,#DIV/0!,,,,#DIV/0!,,,,#DIV/0!,,,,#DIV/0!,,,,#DIV/0!,,,,#DIV/0!,,,,#DIV/0!,#DIV/0!,
,,,,,,#DIV/0!,,,,,#DIV/0!,,,,#DIV/0!,,,,#DIV/0!,,,,#DIV/0!,,,,#DIV/0!,,,,#DIV/0!,,,,#DIV/0!,,,,#DIV/0!,,,,#DIV/0!,#DIV/0!,
